Albedo,B11,B12,BMI,Borate_Proxy,Clay_CMR,Elevation,Ferrous_Idx,Hydroxyl_OHI,Iron_Oxide,Label,NDSI,SI1,Silica_Proxy,Site,Slope
2371.8618565731576,3239.0,3048.0,0.5992590305649892,0.9410311824637234,1.0626640419947506,2303,1.0390290846877672,1.0478809446780977,1.4569809376609995,1,0.03038015030324459,3026.5313479295073,0.8731089842543995,"Atacama, Chile",3.17278790473938
7146.917569833865,1715.0,911.0,4.108746355685131,0.5311953352769679,1.8825466520307355,3661,0.2400615901455767,0.24262573388979275,1.0344142482083303,1,0.3061690926551819,3535.623707353485,4.2501457725947525,"Salar de Uyuni, Bolivia",0.9274099469184875
2333.6701026812143,4111.0,3527.0,0.45536365847725613,0.8579421065434201,1.1655798128721293,1366,1.3142583120204603,1.2431206531599637,1.4487179487179487,1,0.07645980268716812,3339.016621701665,0.659693505229871,"Clayton Valley, USA",7.905487537384033
6383.039695160919,1460.0,725.5,4.089383561643835,0.4969178082191781,2.0124052377670574,3969,0.2223745335465692,0.23170925249960322,1.1354157943220835,1,0.3360787034034729,3146.003814365138,4.6431506849315065,"Hombre Muerto, Argentina",1.0270564556121826
324.46173374785917,1309.5,666.5,0.16456662848415426,0.5089728904161894,1.9647411852963241,280,0.517998417721519,0.5146394183533111,1.7122969837587008,1,0.3254048526287079,695.1298439859995,0.281786941580756,"Greenbushes, Australia",2.995495557785034
1082.2733788958624,3222.0,2632.0,0.17225325884543763,0.8168839230291745,1.2241641337386018,171,1.410065645514223,1.3864027538726333,2.8306306306306306,1,0.10078578442335129,2249.8359940226755,0.48758535071384235,"Pilgangoora, Australia",2.1033565998077393
1443.8716471117968,3085.0,2699.0,0.34813614262560777,0.8748784440842787,1.1430159318266024,1413,1.290794979079498,1.2854166666666667,1.670391061452514,1,0.06673582643270493,2352.549680665639,0.5815235008103727,"Thacker Pass, USA",1.2420281171798706
1763.916881072726,3412.5,2955.0,0.3486593406593406,0.865934065934066,1.1548223350253808,4172,1.2073235450203432,1.1967385586533403,1.93267776096823,1,0.07184923440217972,2801.257530110361,0.6738461538461539,"Salar de Arizaro, Argentina",21.591161727905273
2052.7399500248403,4612.0,4585.333333333333,0.32186566445022646,0.9942179820757444,1.0058156440825823,4479,1.4493614833014314,1.4522553727465952,1.7760479041916168,1,0.002899391110986471,3487.01617113798,0.5716488387780668,"Salar de Tara, Chile",7.962068557739258
1397.653032766001,2676.0,2167.5,0.4368460388639761,0.8099775784753364,1.2346020761245675,1640,1.0225448987390142,0.9809384164222874,1.377245508982036,1,0.10498606413602829,2075.6589315203014,0.601644245142003,"Bristol Lake, USA",15.536044120788574
2793.4060451952437,3599.0,2565.5,0.6351764378994165,0.7128368991386497,1.4028454492301696,495,1.020124716553288,1.02215279750071,1.4129483814523185,1,0.16765350103378296,3409.5116952431767,0.8974715198666297,"Searles Lake, USA",2.177340507507324
2291.609011072707,1724.85,1394.2857142857142,1.1059898928409235,0.8083518649654835,1.2370850409836065,5806,0.6573361280487805,0.6485617597292724,1.3871221387384238,1,0.10597945004701614,2136.4083352673942,1.5341430655805819,"Salar de Maricunga, Chile",14.03984260559082
986.6673282655439,1342.5,1183.0,0.4364990689013035,0.8811918063314711,1.1348267117497888,5111,0.9319680666435266,0.9457555477280732,2.2679180887372015,1,0.06315580755472183,1335.7329448658516,0.9899441340782122,"Salar de Coipasa, Chile",30.96086883544922
1432.0365451575133,2763.5,2356.0,0.3994933960557264,0.8525420662203728,1.172962648556876,1940,1.1754572522330924,0.9880228816589203,1.5552536231884058,1,0.07959761470556259,2178.2859086905924,0.6213135516555093,"Silver Peak, USA",7.934643745422363
1528.1262491474104,2720.0,2533.0,0.3876838235294118,0.93125,1.0738255033557047,3542,1.1508356251322192,1.1340421096518658,1.8710289236605027,1,0.03559870645403862,2316.5836915596205,0.7253676470588235,"Cauchari-Olaroz, Argentina",3.840404987335205
1074.9480607607668,3302.0,2794.0,0.14960629921259844,0.8461538461538461,1.1818181818181819,379,1.4331597222222223,1.4444444444444444,3.242914979757085,1,0.0833333358168602,2299.957390909666,0.485160508782556,"Mount Marion, Australia",0.0
1175.9878117282226,3054.0,2782.0,0.23084479371316308,0.9109364767518009,1.0977713874910136,232,1.5408678102926336,1.5581632653061224,2.2638297872340427,1,0.04660726711153984,2207.7554212366913,0.5225933202357563,"Wodgina, Australia",2.1938774585723877
1002.8391363191473,3328.0,2775.0,0.20703125,0.8338341346153846,1.1992792792792792,1142,1.7360459050599895,1.673202614379085,1.876632801161103,1,0.09061117470264435,2074.392441174042,0.38852163461538464,"Bikita, Zimbabwe",4.7353515625
995.2039991881062,3194.0,2590.0,0.2229179711959925,0.8108954289292424,1.2332046332046331,617,1.12663139329806,1.0682274247491639,1.678370786516854,1,0.10442600399255753,1953.6709037092198,0.3741390106449593,"Manono, DRC",4.640956401824951
442.9094151178094,1748.0,838.5,0.1696224256292906,0.47969107551487417,2.0846750149075732,305,0.5575757575757576,0.5114850036576445,1.5615514333895446,1,0.3516334891319275,899.6243660550774,0.2648741418764302,"Whabouchi, Canada",11.488478660583496
692.5688894735791,2583.0,1594.0,0.1575687185443283,0.6171118854045683,1.6204516938519449,365,0.9888973966309341,0.9274685816876123,2.0515970515970516,1,0.2367728054523468,1468.60648234985,0.3232675183894696,"Goulamina, Mali",1.3238123655319214
1218.8985465028115,2246.0,2131.0,0.3410507569011576,0.9487978628673197,1.0539652745190051,4154,1.1685744016649324,1.1673596673596673,2.150130548302872,1,0.026273703202605247,1923.320566104361,0.7333036509349955,"Salar de Diablillos, Argentina",4.1414008140563965
2221.0380643593962,4539.0,4320.5,0.2502753910552985,0.951861643533818,1.050572850364541,3788,1.230915254237288,1.261183662128369,2.8296654929577465,1,0.024662790820002556,3819.766419560233,0.7081956378056841,"Salar de Centenario, Argentina",4.226627826690674
1411.249867139055,1587.0,1552.0,0.6770636420919974,0.9779458097038437,1.0225515463917525,6022,0.8683994528043776,0.87825124515772,1.624476500697999,1,0.011150048114359379,1664.3642930560604,1.0998739760554506,"Salar de Llullaillaco, Argentina",37.74153518676758
1346.7793682213382,2876.0,2379.0,0.31154381084840055,0.8271905424200278,1.208911307271963,3918,1.3072727272727274,1.3153441573290647,1.9397321428571428,1,0.09457659721374512,2235.7298584578593,0.6043115438108484,"Salar de Olaroz, Argentina",2.2283506393432617
1778.6718125237905,1771.0,1437.5,0.9234895539243365,0.8116883116883117,1.232,3723,0.8946703713058853,0.9117117117117117,1.1812901253439316,1,0.10394265502691269,1849.7491721852452,1.0909090909090908,"Salar de Rincon, Argentina",1.3757505416870117
2475.5269367082465,3950.0,3088.8571428571427,0.44117376294591487,0.7819891500904159,1.2787901211728796,3799,1.1605700014690759,1.1588432523051133,1.8113620950492981,1,0.12234129011631012,3531.055726755745,0.7991254315304948,"Salar de Pozuelos, Argentina",0.9274099469184875
1262.7762037434586,2329.5,2085.0,0.34642627173213136,0.8950418544752092,1.1172661870503597,4417,1.1735516372795969,1.1641679160419791,2.108219743907476,1,0.055385660380125046,1990.7928068987992,0.7303427058739357,"Salar de Pastos Grandes, Arg",16.06990623474121
3219.297865995006,3617.0,3781.0,0.8096488802875311,1.04534144318496,0.9566252314202592,4766,0.9864993863357425,1.0135911447386856,1.2019805361106368,1,-0.022168153896927834,3568.1703995184985,0.9731821951893834,"Salar de Tres Quebradas, Arg",3.4742095470428467
3301.953433126675,3915.5,2260.0,0.636381049674371,0.5771932064870386,1.7325221238938053,3358,0.8451327433628318,0.8481839844032061,1.6462994548677299,1,0.26807546615600586,4007.746696503327,1.0476737751670708,"Salar de Pedernales, Chile",1.0340266227722168
5789.397838578148,4678.0,2003.0,1.0899957246686618,0.4281744335185977,2.3354967548676986,3729,0.6897670303745208,0.6928317535545023,1.2667189645028436,1,0.400389164686203,5496.835635163198,1.380718255664814,"Salar de Ascotan, Chile",0.0
3974.3947547603607,3353.0,1288.0,1.0169997017596182,0.38413361169102295,2.6032608695652173,3694,0.6940592009935831,0.7097798475867908,1.3331378299120236,1,0.444947212934494,3904.194923412508,1.3558007754249926,"Salar de Carcote, Chile",5.298313617706299
5495.576660672958,2185.5,1200.5,2.3335621139327385,0.5493022191718142,1.8204914618908787,4260,0.3602868447082097,0.36792929292929294,1.160294117647059,1,0.2909037172794342,3596.2058130757755,2.707618393960192,"Salar de Surire, Chile",0.0
1660.6633324378859,3797.5,3626.0,0.31231073074391047,0.9548387096774194,1.0472972972972974,4210,1.4779139910488421,1.4613638112829985,1.8136593591905565,1,0.023102309554815292,2858.0452235750226,0.5664252797893351,"Salar de Quisquiro, Chile",4.434701442718506
1629.9800867904287,3012.5,2636.5,0.35601659751037346,0.8751867219917012,1.1426133131044947,4263,1.2025948103792414,1.2110552763819096,1.972027972027972,1,0.06656045466661453,2524.170655878877,0.7020746887966804,"Salar de Jama, Argentina",12.331254005432129
3750.64119325539,21.458333333333332,21.0,185.56893203883496,0.9786407766990292,1.0218253968253967,4424,0.05375334001336005,0.1273200973680207,0.7030924876228744,1,0.010794896632432938,245.1065123185273,130.47212205270458,"Zhabuye Salt Lake, China",0.0
3389.25419524709,4818.666666666667,4506.25,0.539983397897067,0.9351653292750415,1.069329634766528,2744,1.1190586778139031,1.1739960206277664,1.544196771714066,1,0.03350342810153961,4400.159391052404,0.8338406198118428,"Taijinaier Salt Lake, China",3.6366653442382812
1847.579136780524,3693.5,3263.0,0.38418843914985784,0.8834438879111953,1.1319338032485442,-69,1.0451329937747595,1.01959972394755,1.579985905567301,1,0.0618845671415329,2877.642611583308,0.607012318938676,"Salton Sea Geothermal, USA",2.7802884578704834
245.7247782920287,1027.0,470.0,0.189873417721519,0.45764362220058424,2.1851063829787236,57,0.5009756097560976,0.49232981783317353,1.082051282051282,1,0.37207749485969543,465.50725021206705,0.20545277507302823,"Smackover Surface Proxy, USA",2.1602184772491455
320.67091126781884,899.5,451.5,0.22512506948304614,0.5019455252918288,1.9922480620155039,7,0.3893096732309024,0.3829289059174117,1.288888888888889,1,0.3316062092781067,484.5301848182423,0.29016120066703727,"Finniss, Australia",2.8504626750946045
1026.7123501740884,3487.0,2789.0,0.13234872383137367,0.7998279323200459,1.2502689135891,493,1.6208552835450882,1.6306584362139918,3.3596966413867824,1,0.11121733486652374,2325.208270241614,0.44465156294809294,"Kathleen Valley, Australia",1.3977892398834229
321.8546514603551,1457.5,872.5,0.16295025728987994,0.5986277873070326,1.670487106017192,263,0.8473837209302325,0.8777476663655526,1.5410526315789475,1,0.2510729730129242,730.3731922791252,0.25111492281303605,"Mt Cattlin, Australia",2.4098803997039795
831.4476721246392,2928.5,2365.0,0.16265437368391097,0.8075806726993341,1.2382663847780127,279,1.560202450719233,1.4451023932889218,2.4405178446466063,1,0.10645131021738052,1845.096542189595,0.3969609014854021,"Bald Hill, Australia",1.431447982788086
1051.2408541021098,2511.0,1671.0,0.20748705694942254,0.6654719235364397,1.502692998204668,456,1.2369458128078819,1.3194955333683658,2.8790786948176583,1,0.20086082816123962,1940.7472787563042,0.5973715651135006,"Mt Holland, Australia",2.8683509826660156
896.3191395925895,2554.0,1359.0,0.24745497259201252,0.5321064996084574,1.8793230316409124,308,0.9287272727272727,0.8710777626193724,1.7911392405063291,1,0.3053922951221466,1700.3317323393103,0.44322631166797183,"Tanco Mine, Canada",2.3571934700012207
478.6341678846869,1875.0,1279.0,0.18773333333333334,0.6821333333333334,1.4659890539483973,271,0.9615384615384616,0.9610456176319836,1.5852272727272727,1,0.18896639347076416,1022.8636272739392,0.2976,"Rose Lithium, Canada",0.9274099469184875
462.41719979545167,1065.0,792.0,0.3530516431924883,0.7436619718309859,1.3446969696969697,480,0.5923248053392659,0.6354415274463007,1.1888297872340425,1,0.14701130986213684,689.9673905337846,0.4197183098591549,"Moblan, Canada",1.8543341159820557
543.2649752499542,2150.0,1566.5,0.1913953488372093,0.7286046511627907,1.3724864347270986,1247,1.2565751022793687,1.1515800749866096,1.5710814094775212,1,0.1570025533437729,1178.9720098458656,0.3006976744186047,"Arcadia, Zimbabwe",0.0
1091.1304535511172,3442.0,2267.0,0.20075537478210342,0.6586287042417199,1.5183061314512571,351,1.0827304183705568,1.041767554479419,2.1041968162083937,1,0.2058153748512268,2237.1115305232324,0.4224288204532249,"Bougouni, Mali",1.3248182535171509
305.5630049596973,1148.0,520.0,0.18902439024390244,0.4529616724738676,2.207692307692308,837,0.47310941685555324,0.42779951555803986,1.294930875576037,1,0.3764987885951996,567.9683089750695,0.24477351916376305,"Cinovec, Czech Republic",3.465143918991089
1392.4675938778612,2789.0,2683.0,0.4485478666188598,0.9619935460738616,1.0395080134178158,41,1.5417357656163626,1.4428349715468185,1.2182254196642686,0,0.01937134563922882,2061.6585556294235,0.5464324130512729,Amazon Forest,3.818808078765869
749.1642009599765,1191.0,1094.0,0.5306465155331654,0.9185558354324097,1.0886654478976234,54,1.1462945139557266,1.1151685393258426,1.370253164556962,0,0.04245076701045036,1015.5816067653057,0.727120067170445,New York City,8.62426471710205
2047.689429576663,3323.0,2624.5,0.5573277159193499,0.7897983749623834,1.2661459325585827,19,0.7723416618245206,0.9878121284185494,1.212742980561555,0,0.11744430661201477,2731.9330152842326,0.6758952753535962,Tokyo,9.240107536315918
2677.3158165374293,5695.5,5054.5,0.28589822374389134,0.8874550083399175,1.1268176872094173,548,1.3409064155385522,1.3508182465016998,2.2320368474923233,0,0.05962790548801422,4549.757658381378,0.6381353700289703,Sahara Desert,5.908368110656738
1349.723862362087,4173.666666666667,3732.0,0.12497005031546998,0.8941777813273699,1.1183458377992141,495,1.3964978808833373,1.365058599073317,4.0199712414123665,0,0.05586709827184677,2958.2318339395465,0.5023760083060458,Outback Australia,1.3808667659759521
1086.0036832350063,1245.5,1099.5,0.8735447611401044,0.8827780008028904,1.132787630741246,45,1.0618073316283034,0.8944344703770197,0.9944852941176471,0,0.06226012855768204,1160.8751009475568,0.8687274187073465,Paris,2.8167104721069336
684.9664833649405,1548.5,1250.5,0.3519535033903778,0.8075556990636099,1.2383046781287486,1107,1.3667255075022064,1.081354748603352,1.461467889908257,0,0.10646659880876541,1110.5765394604732,0.5143687439457539,Brasilia,4.693207740783691
162.9583280064774,679.0,402.0,0.18114874815905743,0.5920471281296024,1.6890547263681592,5,1.2039007092198581,0.753607103218646,1.5528455284552845,0,0.2562442123889923,360.1235898965798,0.2812960235640648,London,10.509193420410156
425.79122427155147,1381.0,806.5,0.2335264301230992,0.5839971035481535,1.7123372597644142,6,0.5818411628396882,0.5770998746343502,1.407751937984496,0,0.26262858510017395,791.8168980263051,0.3287472845763939,Shanghai,9.438901901245117
155.9807680452946,79.0,85.0,2.151898734177215,1.0759493670886076,0.9294117647058824,2,1.3166666666666667,1.0972222222222223,0.3941176470588235,0,-0.03658536449074745,72.75300681071539,0.8481012658227848,Sydney,1.4514975547790527
516.0659590343797,1706.0,1016.6666666666666,0.20418132082844861,0.5959359124658069,1.678032786885246,175,0.6045786377489545,0.5767410412440839,1.5301435406698565,0,0.25318315625190735,953.5711824504765,0.31242672919109027,"Agra, India",2.2808327674865723
275.063023081378,1184.0,491.0,0.19172297297297297,0.41469594594594594,2.4114052953156824,31,0.48945845390657294,0.43884358784284655,0.920704845814978,0,0.41373133659362793,497.44949492385655,0.17652027027027026,Singapore,13.880533218383789
1209.4136320272453,1626.0,1510.0,0.6211562115621156,0.9286592865928659,1.0768211920529802,31,1.0490322580645162,1.2793076317859953,1.3485148514851486,0,0.03698979690670967,1488.1572497555492,0.8376383763837638,Buenos Aires,9.401198387145996
1827.995076579803,2590.0,2457.0,0.6320463320463321,0.9486486486486486,1.0541310541310542,2244,1.2245862884160756,1.211979410388395,1.2510690287110569,0,0.0263522882014513,2303.1109395771623,0.7907335907335907,Mexico City,0.9834061861038208
966.990606641726,257.0,217.5,3.7840466926070038,0.8463035019455253,1.181609195402299,2377,0.2503653190452996,0.22474857892435504,0.8560411311053985,0,0.08324552327394485,462.5499972975894,3.2392996108949417,Yellowstone Geysers,0.0
1518.9990125079082,3237.5,2458.0,0.37961389961389963,0.7592277992277993,1.3171277461350692,311,0.8933498896247241,0.9010576120233788,1.4092758340113913,0,0.13686244189739227,2367.98437494845,0.534980694980695,Iowa Cornfield,3.9081950187683105
5856.260332612727,1925.5,1996.0,3.7564269021033496,1.0366138665281746,0.9646793587174348,2451,0.4362750651410445,0.3269655289522839,0.6362505184570717,0,-0.017977815121412277,2976.7685499547997,2.390028564009348,Swiss Alps,19.811573028564453
1731.4965592449444,3175.375,3180.3333333333335,0.3879156879983554,1.0015614953614402,0.9984409391049156,1194,1.3162721770850605,1.2984982674386072,1.7519393830055925,0,-0.0007801385945640504,2617.7202390629905,0.6796047710900287,Gobi Desert,1.257792592048645
1036.8309444684835,3307.25,2560.5,0.21548617935344067,0.7742081790006803,1.291642257371607,1168,1.5261882787263499,1.4106820411471144,1.8741814780168384,0,0.12726342678070068,2101.757260801859,0.40386020611283296,Kalahari Desert,0.9274099469184875
3142.0183666978564,6172.0,5350.5,0.33797796500324045,0.866898898250162,1.1535370526119055,101,1.3110993096123207,1.2721838606616511,1.935522531160115,0,0.07129529118537903,4991.938501223748,0.6541639662994168,Dubai Desert,8.461860656738281
1262.7088606114503,807.7777777777778,727.0,1.2392022008253094,0.8999999999999999,1.1111111111111112,747,1.0564365248033714,1.0207806795843863,1.3786213786213786,0,0.05263157933950424,1055.8093262200962,1.7083906464924346,Grand Canyon,9.440546989440918
2131.068745958234,2636.0,1570.5,0.6270864946889226,0.5957890743550834,1.6784463546641197,-80,0.9367448471926084,0.8943172179813401,1.5535390199637023,0,0.25329846143722534,2601.7778536992737,0.9742033383915023,"Death Valley, USA",2.2989630699157715
3695.343376016181,4456.0,1881.0,0.6795332136445242,0.4221274685816876,2.3689526847421583,1213,0.9049553208773355,0.9283333333333333,1.4200792602377807,0,0.4063436985015869,4377.305107026468,0.9649910233393177,"White Sands, USA",1.4406644105911255
5527.67944077802,1467.0,714.5,3.4914792092706204,0.48704839809134287,2.053184044786564,1282,0.2436067751577549,0.25182387777873144,1.1507223740726278,0,0.34494614601135254,2940.492815838869,4.01772324471711,"Bonneville Salt Flats, USA",0.0
3025.1902419517355,3270.0,2394.0,0.8428134556574923,0.7321100917431193,1.3659147869674186,29,0.956140350877193,0.9671694764862466,1.1741654571843252,0,0.15466101467609406,3252.955579161818,0.9896024464831804,"Aral Sea (Dried), KAZ",0.0
1974.6566157182874,2427.0,2294.5,0.6777915121549237,0.9454058508446642,1.0577467857921117,1829,0.983785974868261,0.9431347150259067,1.4027355623100304,0,0.02806311473250389,2366.4958271672485,0.9507622579316028,"Atacama Dirt, Chile",4.470121383666992
3310.2895140254222,6241.0,6135.0,0.31405223521871495,0.9830155423810287,1.017277913610432,280,1.2427319792911191,1.2297536945812808,2.254591836734694,0,0.0085649648681283,5251.56919406,0.7080596058323987,"Rub al Khali, KSA",4.048789978027344
1682.4674340582842,5340.0,4706.0,0.12359550561797752,0.8812734082397004,1.134721631959201,108,1.529209621993127,1.5402365157196423,3.9651515151515153,0,0.06310969591140747,3738.2857033672535,0.4900749063670412,"Simpson Desert, AUS",2.115800619125366
2552.2669416945137,3244.0,3155.5,0.655672009864365,0.9727188655980271,1.0280462684202187,1444,1.0838623454727698,1.1692899195001802,1.3336859426422192,0,0.013829205185174942,3033.5485821064412,0.874460542540074,"Bingham Canyon Mine, USA",20.39043617248535
574.7044167801972,2261.0,1313.0,0.20367094206103495,0.5807164971251658,1.722010662604722,1016,0.933140734626496,0.8780582524271845,1.266015200868621,0,0.26524901390075684,1148.1127993363718,0.25785050862450243,"Mount Vesuvius, ITA",30.018272399902344
169.7726420834641,40.0,28.5,5.8375,0.7125,1.4035087719298245,179,0.5517241379310345,0.6106870229007634,0.3811563169164882,0,0.16788321733474731,59.665735560705194,2.225,"Lake Superior, USA",0.0
381.72099322236215,171.0,131.0,1.9444444444444444,0.7660818713450293,1.3053435114503817,886,0.6627906976744186,0.6440677966101694,1.1894736842105262,0,0.13245032727718353,260.058647231735,2.3128654970760234,"Victoria Falls, ZMB",0.9274099469184875
1962.6339444735995,1087.0,1339.0,1.6467341306347747,1.2318307267709292,0.8117998506348021,7583,0.5171265461465271,0.5032407407407408,1.1843575418994414,0,-0.10387469083070755,1518.0382076878038,1.950321987120515,Mount Everest,61.94294738769531
83.83117956146548,27.0,29.0,3.3703703703703702,1.0740740740740742,0.9310344827586207,15,0.36,0.45,0.8681318681318682,0,-0.0357142873108387,46.184412955021955,2.925925925925926,"Loch Ness, UK",0.0
243.37488229752333,1237.0,499.0,0.16410670978173,0.4033953112368634,2.4789579158316633,365,0.5645823824737563,0.5032546786004882,1.019704433497537,0,0.4251151978969574,506.0227267623461,0.16734033953112368,Congo Rainforest,5.917794704437256
335.0305956177734,1564.0,873.5,0.13938618925831203,0.5585038363171355,1.790497996565541,6,0.7666666666666667,0.7508401344215074,1.5435779816513762,0,0.2832820415496826,725.455718841612,0.215153452685422,"Everglades Swamp, USA",1.0296357870101929
313.29698370715283,853.0,471.0,0.268464243845252,0.552168815943728,1.8110403397027601,595,0.41999015263417033,0.4888252148997135,1.3537117903930131,0,0.28851965069770813,514.2275760789186,0.3634232121922626,"Black Forest, GER",17.729022979736328
556.1196663788589,1048.0,548.5,0.45229007633587787,0.5233778625954199,1.910665451230629,4,0.44614729672200937,0.43243243243243246,1.0495780590717299,0,0.31287190318107605,722.0664789338998,0.4747137404580153,"Sundarbans Mangroves, BGD",2.106398582458496
3858.932494874716,2110.0,1647.0,1.8066350710900474,0.7805687203791469,1.281117182756527,86,0.541025641025641,0.7953260459856766,1.0283315844700944,0,0.12323662638664246,2875.969401784379,1.8578199052132702,"Los Angeles, USA",5.256973743438721
1345.416478269833,1512.0,1322.5,0.7503306878306878,0.8746693121693122,1.143289224952741,11,1.0595655220742817,1.0776906628652887,1.2820625826355223,0,0.06685482710599899,1482.9713415976723,0.9619708994708994,"Cairo, EGY",9.553135871887207
1134.2184166493978,1616.0,1508.5,0.5853960396039604,0.9334777227722773,1.0712628438846536,2,1.0907863651704355,1.032258064516129,1.3699788583509513,0,0.034405503422021866,1447.1820894414082,0.801980198019802,"Mumbai, IND",0.9274099469184875
407.2831733982308,1004.0,893.5,0.39591633466135456,0.8899402390438247,1.1236709569110241,55,1.9861523244312562,1.1493989696622782,1.0578616352201258,0,0.05823452025651932,649.7553385698343,0.41882470119521914,"Beijing, CHN",2.4165356159210205
1326.2189361740643,2427.0,2289.0,0.40708693860733414,0.9431396786155748,1.0602883355176933,764,0.9630952380952381,0.9600474683544303,1.5941295546558705,0,0.029262086376547813,1955.1278730558777,0.6489493201483313,"Sao Paulo, BRA",12.918157577514648
883.3387054343982,1498.125,1434.75,0.5061882909192046,0.9576971214017522,1.0441714584422372,1740,1.2650411652944902,1.2242083758937692,1.318021978021978,0,0.021608490496873856,1223.673133438828,0.6671672924488945,"Johannesburg, ZAF",9.05224609375
