B11,B12,Clay_CMR,Elevation,Iron_Oxide,Label,NDSI,NDVI,NDWI,Site
3154.0,2974.0,1.0605245460659045,2303,1.5392479758473996,1,-0.18046285212039948,0.0461064837872982,-0.16819672286510468,"Atacama, Chile"
646.0,373.0,1.7319034852546917,3661,1.0170692897439606,1,0.8291005492210388,-0.03885933756828308,0.030479172244668007,"Uyuni, Bolivia"
2365.75,1352.25,1.7494915880939175,3968,1.1408132977144554,1,0.4316345751285553,-0.004994377959519625,-0.03113568015396595,"Hombre Muerto, Argentina"
4230.8,3626.75,1.166554077341973,1366,1.4670731707317073,1,-0.2773897349834442,0.06645973026752472,-0.14523810148239136,"Clayton Valley, USA"
1393.5,701.5,1.9864575908766928,280,1.781309118426031,1,-0.5732430219650269,0.7239357233047485,-0.7326732873916626,"Greenbushes, Australia"
4612.5,4236.5,1.0887525079664817,186,1.241528807758129,1,-0.17249560356140137,0.018994472920894623,-0.07296837866306305,"Pilgangoora, Australia"
2417.0,2047.0,1.180752320468979,427,1.9363957597173145,1,-0.669967770576477,0.26855313777923584,-0.42645588517189026,"Mount Marion, Australia"
3285.6666666666665,3265.1,1.0062989392872093,180,2.6498533724340176,1,-0.5876621007919312,0.08097882568836212,-0.3497752249240875,"Wodgina, Australia"
730.5,385.0,1.8974025974025974,289,1.2814397224631398,1,-0.42467090487480164,0.4411347508430481,-0.44181644916534424,"Tanco, Canada"
2404.0166666666664,1737.3333333333335,1.3837394474290097,1145,1.7238485344984524,1,-0.6219291687011719,0.4053156077861786,-0.48633629083633423,"Bikita, Zimbabwe"
2333.5,1818.5,1.2832004399230135,635,1.547872340425532,1,-0.5179703831672668,0.3534131646156311,-0.42297208309173584,"Manono, Congo"
1282.0,757.0,1.6935270805812417,294,1.224400871459695,1,-0.548620879650116,0.7379342317581177,-0.6659464836120605,"Kings Mountain, USA"
3114.0,2776.0,1.1217579250720462,1481,1.6061746987951806,1,-0.3746826946735382,0.13006240129470825,-0.2395651638507843,"Thacker Pass, USA"
2228.3333333333335,2235.0,0.9970171513795676,3472,1.3551724137931034,1,-0.1470487266778946,0.019868651404976845,-0.104727603495121,"Salar de Arizaro, ARG"
1547.5,1435.4,1.0780966977845896,4642,1.9619392185238784,1,-0.2446102648973465,0.03281400725245476,-0.21302339434623718,"Salar de Rincon, ARG"
4026.25,3418.6666666666665,1.1777252340093605,3902,1.6300868149755834,1,-0.2504367530345917,0.11571434140205383,-0.2219535857439041,"Salar de Olaroz, ARG"
4133.333333333333,3671.1,1.1259113980369189,4628,1.8447563996696945,1,-0.36865341663360596,0.0960954874753952,-0.23773987591266632,"Zabuye Lake, China"
4833.666666666667,4668.5,1.0353789582663955,2770,1.6382498872350022,1,-0.2347056120634079,0.03752385079860687,-0.13300150632858276,"Taijinar Lake, China"
2559.083333333333,1786.6666666666667,1.4323227611940297,3852,1.844678811121764,1,-0.5460948348045349,0.21003134548664093,-0.3573658764362335,"Jiajika, China"
2152.5,1331.0,1.617205108940646,36,2.2261146496815285,1,-0.6567250490188599,0.5952649116516113,-0.644951581954956,"Finniss, Australia"
1976.5,1251.6666666666667,1.5790945406125165,172,1.7685185185185186,1,-0.593630313873291,0.5479289889335632,-0.5912408828735352,"Mt Cattlin, Australia"
3653.6666666666665,3317.6666666666665,1.1012759971867778,340,3.537771645394964,1,-0.6344150304794312,0.15421408414840698,-0.48109737038612366,"Bald Hill, Australia"
1790.5,1148.0,1.5596689895470384,313,2.0697674418604652,1,-0.6221970319747925,0.5500680804252625,-0.6539419293403625,"Sigma, Canada"
1554.0,768.5,2.022121014964216,306,1.176158940397351,1,-0.44423791766166687,0.7208424806594849,-0.6413792967796326,"Whabouchi, Canada"
557.0,298.3333333333333,1.8670391061452516,353,1.253184545741657,1,-0.32010072469711304,0.5301794409751892,-0.5258210301399231,"Moblan, Canada"
2017.3333333333335,1067.0,1.8906591690096846,979,1.5174337517433751,1,-0.6947159171104431,0.8063539862632751,-0.7494354844093323,"Mina do Barroso, Portugal"
1984.5,1136.5,1.7461504619445667,1060,1.7100213219616205,1,-0.6638021469116211,0.6384130120277405,-0.6384130120277405,"Sepeda, Portugal"
3240.6666666666665,2041.0,1.587783766127715,439,2.006755843804891,1,-0.5728846192359924,0.35599687695503235,-0.49512335658073425,"San Jose, Spain"
772.5,432.0,1.7881944444444444,1207,1.7556818181818181,1,-0.4392175078392029,0.601675808429718,-0.6099773049354553,"Wolfsberg, Austria"
1601.5,701.0,2.2845934379457917,625,1.1045364891518739,1,-0.6131956577301025,0.7949844598770142,-0.729148268699646,"Cinovec, Czech Republic"
1123.0,568.5,1.9753737906772209,837,1.711892797319933,1,-0.41169077157974243,0.6289708018302917,-0.6548036336898804,"Zinnwald, Germany"
1861.0,1048.0,1.775763358778626,41,1.565217391304348,1,-0.5229132771492004,0.5379679203033447,-0.5744525790214539,"Ewoyaa, Ghana"
3200.0,2272.0,1.408450704225352,346,2.123310810810811,1,-0.5667074918746948,0.3760238289833069,-0.5159966945648193,"Goulamina, Mali"
3547.0,2406.0,1.474231088944306,351,2.100828729281768,1,-0.5455337762832642,0.3519386351108551,-0.5052182078361511,"Bougouni, Mali"
4814.0,4403.25,1.0932833702378926,991,2.276845079787234,1,-0.46196284890174866,0.13678018748760223,-0.34130623936653137,"Karibib, Namibia"
2206.0,1492.0,1.4785522788203753,1325,1.8266369047619047,1,-0.6161172389984131,0.4965135455131531,-0.5537102222442627,"Arcadia, Zimbabwe"
3897.6666666666665,2943.8,1.3240256357995333,1117,2.1954344281388307,1,-0.5057141780853271,0.20057488977909088,-0.377431184053421,"Zulu, Zimbabwe"
1274.0,538.0,2.3680297397769516,832,1.1155778894472361,1,-0.4926772117614746,0.8796747922897339,-0.7780056595802307,"Besshi, Japan"
5036.666666666667,4899.75,1.0279436025647568,4068,1.7115155131264916,1,-0.4158545732498169,0.08639223128557205,-0.24284933507442474,"Paso de Sico, Chile"
3352.25,2919.75,1.1481291206438908,496,1.4049435965494361,1,-0.1624452769756317,0.038323964923620224,-0.11580231785774231,"Searles Lake, USA"
5289.0,5133.166666666666,1.030358128510666,183,1.6546822742474916,1,-0.2616889178752899,0.05795549228787422,-0.17904509603977203,"Bristol Lake, USA"
3572.3333333333335,3271.6666666666665,1.0919001528273053,812,1.620377358490566,1,-0.3619438409805298,0.1161426454782486,-0.23664435744285583,"Cadiz Lake, USA"
3693.25,3226.0,1.1448388096714197,-69,1.6389099167297503,1,-0.37009042501449585,0.2221091091632843,-0.3340305984020233,"Salton Sea Geothermal, USA"
1511.0,659.0,2.2928679817905917,112,1.1818181818181819,1,-0.5846880078315735,0.7874948978424072,-0.693379819393158,"Smackover Surface Proxy, USA"
2799.1428571428573,2623.075438596491,1.067122514265382,3935,2.052300948108879,1,-0.34640946984291077,0.07129055261611938,-0.2734697461128235,"Salar de Navidad, Chile"
27.647058823529413,19.166666666666668,1.4424552429667519,3661,0.8561957505724479,1,0.9914493560791016,-0.5501084327697754,0.6108574867248535,"Salar de Coipasa, Bolivia"
4288.363636363636,2781.166666666667,1.541929754790065,3538,1.3560537203033913,1,-0.07854202389717102,0.034241266548633575,-0.1168636605143547,"Salar de Pajonales, Chile"
1677.0,1447.0,1.1589495507947478,4205,1.1406467584712983,1,-0.0007957032066769898,-0.013611989095807076,-0.034363433718681335,"Salar de Aguas Calientes, Chile"
3445.0,3336.4615384615386,1.0325310093604463,4212,2.1236877624475103,1,-0.2446652352809906,0.07334789633750916,-0.2710036039352417,"Salar de Quisquiro, Chile"
3119.6666666666665,1886.8333333333335,1.6533875099372846,4317,1.5752860757581482,1,-0.055677127093076706,0.03948049992322922,-0.14821399748325348,"Salar de Tara Proxy, Chile"
7205.125,6759.777777777777,1.065881932344916,615,2.3445929512691253,0,-0.3669207990169525,0.07541080564260483,-0.2753753662109375,Sahara Desert
3089.6470588235293,3020.8125,1.022786769726201,1194,1.7367810811402071,0,-0.31429359316825867,0.062281206250190735,-0.186540424823761,Gobi Desert
2317.2,2177.4,1.06420501515569,1829,1.4185219362294947,0,-0.12246465682983398,0.03346732631325722,-0.12966863811016083,Atacama Control
3321.4444444444443,3142.5714285714284,1.0569193158974048,576,2.9595799932256974,0,-0.61374431848526,0.17932550609111786,-0.47190114855766296,Australian Outback
809.1111111111111,743.75,1.0878804855275443,747,1.271809333212044,0,0.24282874166965485,-0.25124815106391907,0.27171167731285095,Grand Canyon
1106.125,1326.5,0.8338673200150772,7583,1.3061848256023014,0,0.2141556739807129,0.005135227460414171,-0.03555304557085037,Mount Everest
2261.0,1358.5,1.6643356643356644,1016,1.456242707117853,0,-0.5433447360992432,0.596834123134613,-0.5739532113075256,"Mount Vesuvius, ITA"
5233.5,4575.75,1.1437469267333225,110,3.9079706927175843,0,-0.6635410189628601,0.1413692981004715,-0.5189729332923889,"Simpson Desert, AUS"
3704.1666666666665,3056.875,1.2117494718189872,1074,1.9567955997161108,0,-0.5242961645126343,0.27242639660835266,-0.4088972210884094,Kalahari Desert
4056.0,3543.6666666666665,1.1445771799454427,858,1.6484184914841848,0,-0.31304630637168884,0.10175671428442001,-0.22071245312690735,Mojave Desert
6212.428571428572,6115.75,1.0158081300623099,725,2.563612820843915,0,-0.3999776542186737,0.07353787124156952,-0.27989962697029114,Arabian Desert
4785.727272727273,4369.0,1.0953827586924405,1216,1.5818293343658951,0,-0.3191130757331848,0.1113269031047821,-0.22170686721801758,Chihuahuan Desert
4439.583333333334,4259.75,1.042216875012227,480,2.6664190538093693,0,-0.4074491560459137,0.081704281270504,-0.31949666142463684,Namib Desert
2587.0,1762.0,1.4682179341657207,53,1.2208672086720866,0,-0.4436383843421936,0.5499500632286072,-0.5136585235595703,Amazon Rainforest
1508.0,639.0,2.359937402190923,471,0.9116465863453815,0,-0.5774058699607849,0.8563745617866516,-0.7579388618469238,Congo Rainforest
791.0,627.0,1.2615629984051038,306,0.9321212121212121,0,-0.019329896196722984,0.43950438499450684,-0.4437134563922882,Siberian Taiga
2497.5,1593.0,1.5677966101694916,7,1.5543199315654406,0,-0.44176650047302246,0.5718661546707153,-0.5504938960075378,"Everglades Swamp, USA"
270.0,253.0,1.0671936758893281,0,0.6168478260869565,0,0.023508137091994286,0.09561753273010254,0.01433691754937172,Great Barrier Reef
788.6666666666666,464.25,1.6987973433853885,2566,1.4844606946983547,0,-0.3944305181503296,0.6445870995521545,-0.608906626701355,Yellowstone Geysers
1775.9032258064517,1071.1333333333334,1.657966539310187,11,1.4061644801805613,0,-0.4419340193271637,0.7144113779067993,-0.6240060925483704,Nile Delta
1747.4285714285713,915.6666666666666,1.908367569816423,2051,1.5014179608372724,0,-0.6049977540969849,0.7530238628387451,-0.7189689874649048,Himalayan Peak
762.5,739.5,1.0311020960108181,2798,1.0456819664998913,0,0.5100401639938354,0.134809210896492,-0.1458428055047989,Rocky Mountains
2582.181818181818,2498.5,1.033492822966507,3850,1.8231008240704554,0,-0.22581960260868073,0.06548519432544708,-0.22783786058425903,Andes Mountains
445.5,303.5,1.4678747940691927,5,1.2129963898916967,0,-0.31804734468460083,0.5237420201301575,-0.3997395932674408,London
2194.0,1694.25,1.2949682750479563,12,1.2905,0,0.02629535086452961,0.047894250601530075,-0.10249361395835876,New York City
1056.0,975.0,1.083076923076923,39,1.0905797101449275,0,-0.27690446376800537,0.13131313025951385,-0.13458755612373352,Tokyo
2412.5,2242.5,1.0758082497212933,764,1.5978701825557808,0,-0.2808600962162018,0.22731731832027435,-0.2976406514644623,"Sao Paulo, BRA"
1569.5,1336.6666666666667,1.1741895261845385,11,1.1852713178294574,0,-0.0027152211405336857,0.017667844891548157,-0.007313195616006851,"Cairo, EGY"
82.57142857142857,75.85714285714286,1.0885122410546137,2,0.3901918976545842,0,0.3758099377155304,-0.06861314177513123,0.5478383898735046,"Sydney, AUS"
1721.0,1607.0,1.0709396390790293,134,1.166542750929368,0,-0.05680073797702789,0.14180226624011993,-0.15220090746879578,"Moscow, RUS"
938.0,845.3333333333334,1.109621451104101,55,1.1274961597542243,0,-0.43809887766838074,0.12930011749267578,-0.12997032701969147,"Beijing, CHN"
1706.8,987.5,1.7284050632911392,175,1.5804878048780486,0,-0.45778587460517883,0.6613218188285828,-0.6311931610107422,"Agra, India"
1610.0,1303.0,1.2356101304681504,1107,1.5669950738916256,0,-0.4129003882408142,0.13540203869342804,-0.21906614303588867,Brasilia
1230.0,1117.0,1.1011638316920322,45,1.02014652014652,0,-0.04591836780309677,0.022807016968727112,-0.01923076994717121,"Paris, FRA"
2243.0,1503.0,1.4923486360612108,33,1.6044444444444443,0,-0.5336751937866211,0.5231175422668457,-0.5435073375701904,"Berlin, GER"
3880.375,3414.3333333333335,1.1364956555696573,-1,1.547015147015147,0,-0.18538270890712738,0.06618859618902206,-0.16453449428081512,"Dubai, UAE"
1493.3333333333333,1394.5,1.0708736703716983,2,1.3740629685157422,0,-0.1672746241092682,0.07283763587474823,-0.14062920212745667,"Mumbai, IND"
2468.0,2501.0,0.9868052778888444,1669,2.2095890410958905,0,-0.42824074625968933,0.11373626440763474,-0.3446102738380432,"Nairobi, KEN"
2600.5,2438.0,1.0666529942575882,2244,1.3047619047619048,0,-0.18312102556228638,0.02881317213177681,-0.11223732680082321,Mexico City
2220.5,1515.5,1.46519300560871,182,1.543664383561644,0,-0.4395461976528168,0.5545398592948914,-0.5688816905021667,"Chicago, USA"
546.0,435.0,1.2551724137931035,34,0.9794520547945206,0,-0.5988286733627319,0.11999999731779099,-0.1410658359527588,"Vancouver, CAN"
1973.0,1964.0,1.0045824847250509,33,1.1493383742911154,0,0.05935637652873993,-0.009547529742121696,-0.0355902761220932,"Cape Town, ZAF"
106.0,115.33333333333334,0.9190751445086704,0,0.43670886075949367,0,0.4369190037250519,-0.16825397312641144,0.46711865067481995,"Istanbul, TUR"
1619.0,1261.0,1.2839016653449644,29,1.3140376266280753,0,-0.2998795807361603,0.3594356179237366,-0.37692034244537354,"Seoul, KOR"
2799.0,2761.0,1.013763129300978,8,1.1882648258550361,0,-0.23005932569503784,0.01929302141070366,-0.05806451663374901,"Bangkok, THA"
1626.0,1511.0,1.0761085373924553,31,1.4422127099110964,0,-0.16936354339122772,0.07183725386857986,-0.18690602481365204,"Buenos Aires, ARG"
2653.0,2392.0,1.109113712374582,55,1.4044795783926218,0,-0.17104391753673553,0.15463916957378387,-0.21586638689041138,"Casablanca, MAR"
5032.25,1860.0,2.705510752688172,1207,1.2794783580334042,0,0.017929891124367714,0.04454752430319786,-0.09747375547885895,"White Sands, USA"
27.0,25.0,1.08,1282,0.45,0,0.9345454573631287,-0.5567567348480225,0.8136363625526428,"Great Salt Lake, USA"
2503.75,1683.3333333333333,1.4873762376237625,-82,1.5275013095861707,0,-0.0011495976941660047,0.007319149095565081,-0.08447865396738052,Death Valley Salt
3770.0,2820.0,1.3368794326241136,1081,1.1556238615664844,0,-0.1872769296169281,0.0027997444849461317,0.005585141014307737,"Etosha Pan, Namibia"
4386.0,3461.0,1.2672637965905809,-91,2.5434868162140893,0,-0.5452730655670166,-0.009922650642693043,-0.24137930572032928,"Danakil, Ethiopia"
1998.0,916.0,2.1812227074235806,1282,1.1038062283737025,0,0.4653465449810028,0.004680186975747347,-0.02838892862200737,"Bonneville, USA"
3491.0,2774.0,1.2584715212689257,794,1.5333333333333334,0,-0.23487795889377594,0.057273559272289276,-0.14370545744895935,"Lop Nur, China"
4586.25,4120.75,1.1129648728993509,695,1.6428612140210885,0,-0.18947383761405945,0.04694752395153046,-0.14927099645137787,"Rogers Lake, USA"
3929.0,3160.0,1.2433544303797468,910,1.4065776360374727,0,-0.45829081535339355,0.1742956042289734,-0.2644576132297516,"Makgadikgadi, BOT"
147.66666666666666,133.5,1.1061173533083646,-415,0.510108630054315,0,0.5210810899734497,-0.16566109657287598,0.39860835671424866,"Dead Sea, ISR"
7093.619047619048,6344.0,1.1181618927520567,91,2.5234269594014473,0,-0.38748523592948914,0.09031405299901962,-0.2726864218711853,"White Desert, EGY"
1542.0,1116.6,1.3809779688339603,4323,1.745472490989846,0,-0.0665283352136612,0.08825245499610901,-0.2199678122997284,Salar de Tara Control
59.6,45.857142857142854,1.2996884735202494,0,0.32559774964838256,0,0.7608826756477356,-0.20416124165058136,0.622850775718689,Shark Bay Salt
3950.0,3114.5,1.2682613581634292,581,1.6471215351812367,0,-0.2088136225938797,0.06618313491344452,-0.15419846773147583,"Koehn Lake, USA"
3340.0,2065.0,1.6174334140435835,-15,1.5833333333333333,0,-0.04603821039199829,0.02313624694943428,-0.10766075551509857,"Lake Eyre, AUS"
